                  epoch,         train/box_loss,         train/cls_loss,         train/dfl_loss,   metrics/precision(B),      metrics/recall(B),       metrics/mAP50(B),    metrics/mAP50-95(B),           val/box_loss,           val/cls_loss,           val/dfl_loss,                 lr/pg0,                 lr/pg1,                 lr/pg2
                      1,                  1.875,                 3.9805,                 1.9403,                0.00869,                0.25661,                0.00633,                 0.0023,                 1.7213,                 3.9152,                 1.9241,              1.111e-05,              1.111e-05,              1.111e-05
                      2,                 1.8178,                 3.9635,                 1.8871,                0.00855,                0.25661,                0.00712,                 0.0031,                 1.6437,                 3.9005,                 1.8532,                3.3e-05,                3.3e-05,                3.3e-05
                      3,                  1.709,                 3.9368,                 1.7986,                0.01135,                0.31207,                0.01676,                0.00745,                 1.5409,                 3.8574,                  1.734,              5.445e-05,              5.445e-05,              5.445e-05
                      4,                 1.5696,                 3.7996,                 1.6668,                0.01733,                 0.4681,                0.04822,                  0.022,                 1.4674,                 3.8034,                 1.6369,              7.546e-05,              7.546e-05,              7.546e-05
                      5,                 1.5056,                 3.6023,                 1.5813,                0.02254,                 0.5773,                0.07919,                 0.0379,                 1.4597,                 3.6972,                 1.5485,              9.603e-05,              9.603e-05,              9.603e-05
                      6,                 1.4449,                 3.4584,                 1.4701,                0.02879,                0.68822,                 0.1208,                0.05797,                 1.4387,                 3.5636,                 1.4264,             0.00011616,             0.00011616,             0.00011616
                      7,                  1.501,                 3.2371,                 1.4535,                0.03393,                0.78879,                0.13804,                0.06706,                 1.4492,                 3.4605,                 1.3899,             0.00013585,             0.00013585,             0.00013585
                      8,                 1.4656,                 2.9535,                 1.3971,                0.03624,                0.79914,                 0.1574,                0.07952,                 1.4397,                 3.3201,                 1.3481,              0.0001551,              0.0001551,              0.0001551
                      9,                 1.4894,                 2.6119,                 1.3932,                0.04045,                0.68276,                0.17919,                0.09228,                 1.4682,                 3.1404,                 1.3458,             0.00017391,             0.00017391,             0.00017391
                     10,                 1.5008,                 2.2772,                 1.3972,                0.94481,                0.11379,                0.19764,                0.10756,                 1.5151,                  2.969,                 1.3784,             0.00019228,             0.00019228,             0.00019228
                     11,                 1.4319,                 2.0497,                 1.3652,                0.94337,                0.11897,                0.19804,                0.11379,                 1.5539,                 2.8053,                 1.3835,             0.00021021,             0.00021021,             0.00021021
                     12,                 1.4879,                 1.9542,                 1.4069,                0.93314,                 0.1228,                0.17245,                0.09932,                 1.6174,                 2.7956,                 1.4349,              0.0002277,              0.0002277,              0.0002277
                     13,                 1.4476,                 1.8411,                 1.4019,                0.92966,                0.12771,                0.17294,                0.09321,                 1.7184,                  2.817,                 1.5263,             0.00024475,             0.00024475,             0.00024475
                     14,                 1.4305,                 1.6702,                 1.3775,                0.92864,                0.14828,                0.20533,                0.11669,                 1.6834,                  2.573,                  1.455,             0.00026136,             0.00026136,             0.00026136
                     15,                 1.4392,                 1.6033,                 1.3831,                0.92527,                0.16897,                0.24461,                0.14665,                 1.6221,                 2.3289,                 1.4109,             0.00027753,             0.00027753,             0.00027753
                     16,                 1.3825,                 1.5458,                 1.3477,                 0.9161,                0.17749,                0.24766,                0.15195,                 1.6238,                 2.1181,                 1.4338,             0.00029327,             0.00029327,             0.00029327
                     17,                 1.3838,                 1.4881,                 1.3656,                0.71185,                0.22098,                0.24544,                0.14104,                 1.6248,                 1.9883,                 1.4681,             0.00030856,             0.00030856,             0.00030856
                     18,                 1.3515,                 1.4303,                 1.3684,                0.64532,                0.21236,                0.23248,                 0.1252,                 1.7453,                 2.0982,                  1.596,             0.00032341,             0.00032341,             0.00032341
                     19,                 1.3062,                 1.3912,                 1.3636,                0.91691,                0.13793,                0.21508,                0.11558,                 1.7233,                 2.2016,                 1.6115,             0.00033782,             0.00033782,             0.00033782
                     20,                  1.297,                  1.368,                 1.3531,                0.91336,                0.11897,                0.16918,                0.09273,                 1.7471,                 2.4067,                 1.6889,             0.00035179,             0.00035179,             0.00035179
                     21,                 1.3093,                 1.4272,                 1.3681,                0.91887,                0.12069,                 0.1688,                0.08983,                 1.7434,                 2.4918,                 1.7142,             0.00036532,             0.00036532,             0.00036532
                     22,                 1.3312,                 1.3537,                 1.3642,                0.90369,                0.11897,                0.15493,                0.07975,                 1.7542,                 2.6576,                 1.7486,             0.00037841,             0.00037841,             0.00037841
                     23,                 1.3161,                 1.3287,                 1.3458,                0.63394,                0.15172,                0.18853,                0.09946,                 1.7388,                 2.2928,                 1.6038,             0.00039106,             0.00039106,             0.00039106
                     24,                  1.238,                 1.2621,                 1.2986,                0.64636,                0.16314,                0.20779,                0.11616,                 1.6314,                 2.0036,                 1.4798,             0.00040327,             0.00040327,             0.00040327
                     25,                 1.2791,                 1.2982,                 1.3377,                0.64901,                0.16897,                0.24506,                0.13648,                 1.6542,                 2.1098,                 1.5431,             0.00041504,             0.00041504,             0.00041504
                     26,                 1.2868,                 1.2931,                 1.3512,                0.64843,                0.16552,                 0.2254,                0.12026,                 1.6586,                 2.1108,                 1.5583,             0.00042637,             0.00042637,             0.00042637
                     27,                 1.2591,                 1.2246,                 1.3251,                0.64289,                0.17069,                0.22543,                0.12096,                 1.6787,                 2.0669,                 1.5513,             0.00043727,             0.00043727,             0.00043727
                     28,                 1.2461,                 1.2912,                  1.326,                0.63723,                0.17833,                0.22474,                0.12288,                 1.6325,                 1.9318,                 1.4917,             0.00044772,             0.00044772,             0.00044772
                     29,                 1.2464,                 1.1972,                 1.3085,                0.64674,                 0.1813,                0.21312,                0.12218,                 1.5451,                 1.7852,                 1.4096,             0.00045773,             0.00045773,             0.00045773
                     30,                 1.2314,                 1.2083,                  1.308,                0.93535,                0.16034,                0.21153,                0.12345,                 1.5276,                 1.6664,                 1.3771,              0.0004673,              0.0004673,              0.0004673
                     31,                  1.209,                 1.2072,                 1.2912,                0.92483,                0.16552,                0.20969,                 0.1197,                 1.5404,                 1.6211,                  1.374,             0.00047643,             0.00047643,             0.00047643
                     32,                 1.2456,                 1.2098,                 1.3177,                0.64329,                0.19828,                0.21479,                0.12224,                 1.5226,                 1.5774,                 1.3489,             0.00048512,             0.00048512,             0.00048512
                     33,                 1.1987,                 1.1971,                 1.2816,                0.64923,                    0.2,                0.21354,                0.12017,                  1.533,                 1.6099,                 1.3541,             0.00049337,             0.00049337,             0.00049337
                     34,                 1.2737,                 1.2468,                 1.3095,                0.65847,                0.20001,                0.21708,                0.12287,                 1.5305,                 1.6704,                 1.3476,             0.00050118,             0.00050118,             0.00050118
                     35,                 1.1896,                 1.1445,                  1.274,                0.65647,                0.18448,                0.21032,                0.11617,                 1.5682,                 1.7538,                 1.3979,             0.00050856,             0.00050856,             0.00050856
                     36,                  1.171,                 1.2109,                 1.2436,                0.64628,                0.18276,                0.20716,                0.11498,                 1.5435,                 1.8504,                  1.414,             0.00051549,             0.00051549,             0.00051549
                     37,                 1.2071,                 1.2048,                 1.2687,                0.65595,                0.18621,                0.21056,                0.12098,                 1.4829,                 1.7312,                 1.3587,             0.00052198,             0.00052198,             0.00052198
                     38,                 1.1802,                 1.1678,                 1.2547,                0.65631,                0.18408,                0.20701,                0.11575,                 1.5338,                  1.738,                 1.3595,             0.00052803,             0.00052803,             0.00052803
                     39,                 1.1866,                 1.1952,                 1.2538,                0.66191,                0.18621,                0.20774,                0.11474,                 1.5684,                 1.7679,                 1.3841,             0.00053364,             0.00053364,             0.00053364
                     40,                 1.1394,                  1.168,                 1.2396,                0.66168,                0.18276,                0.21156,                0.11815,                 1.5489,                 1.7877,                 1.3575,             0.00053881,             0.00053881,             0.00053881
                     41,                 1.1605,                 1.1209,                  1.226,                0.66801,                0.18103,                0.21872,                0.12497,                 1.5482,                 1.7714,                 1.3495,             0.00054355,             0.00054355,             0.00054355
                     42,                  1.126,                  1.165,                 1.2244,                0.66381,                0.18103,                 0.2211,                0.13063,                 1.5181,                 1.7147,                  1.337,             0.00054784,             0.00054784,             0.00054784
                     43,                 1.1057,                 1.1055,                 1.1983,                0.65647,                0.19138,                0.21875,                0.13122,                 1.5011,                 1.6667,                 1.3405,             0.00055169,             0.00055169,             0.00055169
                     44,                 1.1177,                 1.0872,                 1.2165,                0.65925,                 0.1931,                0.21972,                0.12756,                 1.5284,                 1.6874,                 1.3644,              0.0005551,              0.0005551,              0.0005551
                     45,                 1.1213,                 1.0774,                 1.2357,                0.66923,                0.18786,                 0.2148,                0.11903,                 1.5742,                 1.8131,                 1.4044,             0.00055807,             0.00055807,             0.00055807
                     46,                 1.0467,                 1.0349,                 1.1752,                0.66794,                0.16937,                0.21372,                0.11877,                 1.5865,                 1.9319,                 1.4222,             0.00056061,             0.00056061,             0.00056061
                     47,                 1.1189,                 1.1307,                 1.2288,                0.66514,                0.16552,                0.21104,                0.11742,                 1.5727,                 1.9905,                 1.4137,              0.0005627,              0.0005627,              0.0005627
                     48,                  1.128,                 1.0822,                 1.2209,                0.65589,                 0.1628,                0.20122,                0.10777,                 1.6603,                 1.9682,                 1.4632,             0.00056435,             0.00056435,             0.00056435
                     49,                 1.0962,                 1.0736,                 1.1834,                0.66093,                0.15862,                0.18404,                0.09106,                 1.8569,                 1.9906,                 1.6153,             0.00056556,             0.00056556,             0.00056556
                     50,                 1.0834,                 1.0894,                 1.1761,                0.65045,                0.15517,                0.18366,                0.08976,                 1.8847,                  1.933,                 1.6374,             0.00056633,             0.00056633,             0.00056633
                     51,                 1.0859,                  1.061,                 1.1812,                0.64535,                0.16284,                0.19904,                0.10727,                 1.7069,                 1.8276,                 1.4997,             0.00056105,             0.00056105,             0.00056105
                     52,                 1.0683,                 1.0393,                 1.1692,                0.66906,                0.21063,                0.22401,                0.12356,                 1.6176,                 1.7787,                 1.4346,             0.00056105,             0.00056105,             0.00056105
                     53,                 1.0498,                 1.0359,                 1.1715,                 0.4235,                0.20201,                0.23478,                0.13142,                 1.5834,                 1.8005,                 1.4129,             0.00055006,             0.00055006,             0.00055006
                     54,                 1.0783,                 1.0395,                 1.1989,                0.58422,                0.36172,                0.26388,                0.15419,                 1.5596,                 1.8724,                 1.3963,             0.00053906,             0.00053906,             0.00053906
                     55,                  1.062,                 1.0513,                 1.1823,                0.49148,                0.36695,                0.27923,                0.15959,                  1.544,                 1.8832,                 1.3952,             0.00052806,             0.00052806,             0.00052806
                     56,                 1.0326,                0.99792,                 1.1552,                 0.4842,                 0.3704,                0.29113,                0.16562,                 1.5551,                 1.9008,                 1.4049,             0.00051706,             0.00051706,             0.00051706
                     57,                 1.0438,                0.99043,                 1.1604,                0.48791,                0.30991,                0.28416,                0.17004,                  1.536,                 1.9854,                 1.4036,             0.00050606,             0.00050606,             0.00050606
                     58,                 1.0242,                0.94414,                 1.1478,                 0.7391,                0.25781,                0.29483,                0.18363,                 1.5217,                  2.039,                 1.4064,             0.00049506,             0.00049506,             0.00049506
                     59,                 1.0705,                 0.9683,                 1.1733,                0.21723,                0.35245,                 0.2759,                0.17614,                 1.5253,                  2.077,                 1.4123,             0.00048406,             0.00048406,             0.00048406
                     60,                 1.0569,                0.95857,                 1.1474,                 0.2112,                0.35316,                0.27798,                0.17487,                 1.5228,                 2.0817,                 1.4187,             0.00047306,             0.00047306,             0.00047306
                     61,                 1.0077,                0.94116,                 1.1289,                0.22804,                0.46688,                0.26619,                0.16198,                 1.5378,                 2.1237,                 1.4354,             0.00046206,             0.00046206,             0.00046206
                     62,                0.98222,                0.93567,                 1.1371,                0.22844,                0.51331,                0.26372,                 0.1546,                 1.5724,                 2.1199,                 1.4613,             0.00045107,             0.00045107,             0.00045107
                     63,                0.98115,                0.91413,                 1.1184,                0.25614,                0.56377,                 0.2702,                0.16155,                 1.5359,                 2.0361,                 1.4307,             0.00044007,             0.00044007,             0.00044007
                     64,                 1.0019,                0.93839,                 1.1337,                0.26512,                0.57529,                0.26775,                0.15807,                 1.5373,                   1.95,                  1.444,             0.00042907,             0.00042907,             0.00042907
                     65,                0.96102,                0.88548,                 1.1159,                 0.2536,                0.45374,                0.27221,                0.16201,                 1.5425,                 1.8623,                 1.4582,             0.00041807,             0.00041807,             0.00041807
                     66,                0.96228,                0.88377,                 1.1122,                0.29186,                0.58736,                0.28286,                0.16562,                 1.5285,                 1.7689,                 1.4518,             0.00040707,             0.00040707,             0.00040707
                     67,                0.98961,                0.88582,                  1.133,                0.29931,                0.59598,                0.28794,                0.17062,                 1.5293,                 1.6619,                 1.4499,             0.00039607,             0.00039607,             0.00039607
                     68,                0.99426,                0.90076,                 1.1377,                0.27621,                  0.538,                0.27635,                0.17279,                 1.5374,                 1.6037,                 1.4412,             0.00038507,             0.00038507,             0.00038507
                     69,                0.97393,                0.88232,                  1.104,                0.26107,                0.40508,                0.27517,                0.17107,                 1.5389,                 1.5745,                   1.45,             0.00037407,             0.00037407,             0.00037407
                     70,                0.96344,                0.85373,                 1.1113,                0.28235,                0.39023,                0.28092,                0.16957,                  1.532,                 1.6038,                 1.4415,             0.00036307,             0.00036307,             0.00036307
                     71,                0.92898,                0.86822,                 1.0919,                0.28061,                0.34844,                0.28234,                0.16982,                 1.5548,                 1.6127,                 1.4401,             0.00035208,             0.00035208,             0.00035208
                     72,                0.97119,                0.84618,                 1.0973,                0.28099,                  0.244,                0.31591,                0.18867,                 1.5799,                 1.6006,                 1.4496,             0.00034108,             0.00034108,             0.00034108
                     73,                 0.9288,                0.85435,                 1.0913,                0.39964,                0.22443,                0.32305,                0.20267,                 1.5705,                 1.5832,                 1.4511,             0.00033008,             0.00033008,             0.00033008
                     74,                0.94594,                0.85175,                 1.0949,                0.38446,                 0.2255,                0.30945,                0.19033,                 1.5924,                 1.5726,                 1.4743,             0.00031908,             0.00031908,             0.00031908
                     75,                0.96084,                0.84136,                 1.1291,                0.41244,                0.17931,                0.32862,                0.20849,                 1.5796,                 1.5762,                 1.4672,             0.00030808,             0.00030808,             0.00030808
                     76,                0.91874,                0.79961,                 1.0767,                0.67015,                0.17414,                0.31712,                0.19962,                 1.5762,                 1.6043,                 1.4688,             0.00029708,             0.00029708,             0.00029708
                     77,                0.91681,                0.80264,                 1.0842,                0.67519,                0.17759,                0.29629,                0.17528,                  1.594,                 1.6217,                 1.4884,             0.00028608,             0.00028608,             0.00028608
                     78,                0.91085,                 0.8118,                 1.0811,                0.67355,                0.18004,                0.29788,                0.16854,                  1.637,                 1.6142,                 1.5331,             0.00027508,             0.00027508,             0.00027508
                     79,                0.90236,                0.77536,                 1.0741,                0.66927,                0.18103,                0.30254,                0.16595,                 1.6357,                 1.5696,                 1.5497,             0.00026408,             0.00026408,             0.00026408
                     80,                0.91754,                0.81959,                 1.0916,                0.66189,                0.18691,                0.30217,                0.16865,                 1.6182,                 1.5487,                 1.5526,             0.00025309,             0.00025309,             0.00025309
                     81,                0.87823,                0.78063,                 1.0605,                0.70429,                0.22081,                0.31932,                0.18187,                 1.5937,                 1.5381,                 1.5343,             0.00024209,             0.00024209,             0.00024209
                     82,                0.89401,                0.77795,                 1.0766,                0.73608,                0.25303,                0.35212,                0.21233,                 1.5848,                 1.5136,                 1.5312,             0.00023109,             0.00023109,             0.00023109
                     83,                0.87461,                0.75936,                 1.0561,                0.76837,                0.32833,                0.37406,                0.23033,                 1.5783,                 1.4982,                 1.5334,             0.00022009,             0.00022009,             0.00022009
                     84,                0.88794,                0.76835,                 1.0594,                0.36484,                0.31974,                 0.3628,                0.22463,                 1.5846,                  1.471,                 1.5324,             0.00020909,             0.00020909,             0.00020909
                     85,                 0.8941,                0.75542,                 1.0552,                0.40384,                0.39636,                0.36651,                 0.2289,                 1.5778,                 1.4475,                 1.5229,             0.00019809,             0.00019809,             0.00019809
                     86,                0.90826,                0.77421,                 1.0633,                0.38041,                0.36667,                0.36665,                0.22837,                 1.5822,                 1.4149,                 1.5272,             0.00018709,             0.00018709,             0.00018709
                     87,                0.88146,                0.76227,                 1.0612,                0.66106,                0.36494,                0.36566,                0.23031,                 1.5721,                 1.3939,                 1.5172,             0.00017609,             0.00017609,             0.00017609
                     88,                0.91586,                0.74251,                 1.0787,                0.65814,                0.36667,                0.39853,                0.26023,                 1.5531,                 1.3975,                  1.501,             0.00016509,             0.00016509,             0.00016509
                     89,                0.87628,                0.73126,                 1.0534,                0.61821,                0.36101,                0.39861,                0.25916,                 1.5701,                 1.3994,                 1.5082,              0.0001541,              0.0001541,              0.0001541
                     90,                0.86468,                 0.7771,                 1.0373,                0.70433,                 0.3181,                0.38677,                0.24726,                 1.5683,                 1.3999,                 1.5034,              0.0001431,              0.0001431,              0.0001431
                     91,                 1.0957,                 1.2259,                 1.1456,                0.66586,                0.31983,                0.39031,                0.24848,                 1.5738,                 1.3971,                 1.5016,              0.0001321,              0.0001321,              0.0001321
                     92,                 1.0631,                 1.1947,                 1.1464,                0.66882,                0.35961,                0.39697,                 0.2565,                 1.5713,                 1.4074,                  1.493,              0.0001211,              0.0001211,              0.0001211
                     93,                 0.9879,                   1.05,                   1.11,                0.90734,                0.35029,                0.41909,                0.27479,                 1.5735,                 1.4438,                 1.4876,              0.0001101,              0.0001101,              0.0001101
                     94,                0.91887,                0.93301,                 1.0289,                0.84659,                0.34476,                0.42302,                0.27092,                 1.5853,                 1.4991,                 1.4944,             9.9101e-05,             9.9101e-05,             9.9101e-05
                     95,                0.93479,                0.87266,                 1.0392,                0.85468,                0.33229,                0.42658,                0.27418,                 1.5814,                 1.5866,                 1.4936,             8.8102e-05,             8.8102e-05,             8.8102e-05
                     96,                0.91632,                0.84328,                 1.0177,                   0.87,                0.32384,                0.43212,                0.27484,                 1.5816,                 1.6588,                 1.5059,             7.7103e-05,             7.7103e-05,             7.7103e-05
                     97,                0.85022,                0.76962,                0.98561,                0.57453,                0.36205,                0.44567,                0.28422,                 1.5824,                 1.7161,                 1.5149,             6.6105e-05,             6.6105e-05,             6.6105e-05
                     98,                 0.8144,                0.76343,                 0.9834,                0.58449,                0.35754,                0.44192,                0.28393,                 1.5697,                 1.7278,                 1.5098,             5.5106e-05,             5.5106e-05,             5.5106e-05
                     99,                0.92914,                0.85219,                 1.0165,                0.87607,                0.33677,                0.45026,                0.28926,                 1.5564,                 1.7385,                 1.5024,             4.4107e-05,             4.4107e-05,             4.4107e-05
                    100,                0.86317,                0.77197,                0.99711,                0.54538,                0.38188,                  0.454,                0.29379,                 1.5561,                 1.7068,                 1.5044,             3.3108e-05,             3.3108e-05,             3.3108e-05
